make             ,fuel-type        ,aspiration       ,num-of-doors     ,body-style       ,drive-wheels     ,engine-location  ,wheel-base       ,length           ,width            ,height           ,curb-weight      ,engine-type      ,num-of-cylinders ,engine-size      ,fuel-system      ,bore             ,stroke           ,compression-ratio,horsepower       ,peak-rpm         ,city-mpg         ,highway-mpg      ,price            ,                 ,label
1.20242299961044,-1.967744394344161,-0.32173207859696396,-0.45084255028313036,0.8181975329423463,0.2688642262755625,-0.6680908591255366,0.0,0.2972180037199017,0.3632820683959146,0.3041522325843502,0.17658487088159447,-0.25757983284027297,0.2644159622990916,-0.35672705159496143,-0.33572388212815607,-1.032189839685417,-0.411938306145446,0.554949539912938,-0.04142772281630824,0.20064473955783413,0.8291132350005661,-0.41363845854585657,-0.32229449338036265,0.42605166868271316,outlier
1.20242299961044,-1.967744394344161,-0.32173207859696396,-0.45084255028313036,0.8181975329423463,0.2688642262755625,2.758568708647378,0.0,0.2198098749869537,0.3632820683959146,0.4068278270236547,0.17658487088159447,0.7529166306474586,0.2644159622990916,1.1358940327102696,0.5506614967009775,-1.032189839685417,-0.411938306145446,0.554949539912938,-0.5556359919648699,0.6238413484007364,0.8291132350005661,-1.397706013290863,-1.5608400993616982,1.0215068625074248,outlier
1.0341261185029929,-1.967744394344161,-0.32173207859696396,-0.45084255028313036,0.8181975329423463,0.2688642262755625,-0.6680908591255366,0.0,1.4583399347141146,1.7604662133578906,2.9737176880062535,0.7936616724238696,0.7944154587167693,0.2644159622990916,1.1358940327102696,0.5506614967009775,-1.032189839685417,-0.411938306145446,0.554949539912938,-0.4270839246777296,0.46107342192269707,0.8291132350005661,-1.2336947541666952,-1.0963854971186975,1.065740676905832,outlier
1.0341261185029929,-1.967744394344161,-0.32173207859696396,2.2041191347175286,0.8181975329423463,0.2688642262755625,-0.6680908591255366,0.0,1.4583399347141146,1.7604662133578906,2.9737176880062535,0.8818155012156197,1.2965512783554365,0.2644159622990916,1.1358940327102696,0.38651605617706464,-1.032189839685417,-0.6363752816238897,0.554949539912938,-0.47850475159258554,1.4376809807909332,0.8291132350005661,-1.5617172724150308,-1.8704765008570323,2.1145924683142177,outlier
1.9878084447785263,-1.8041942852481228,-0.32173207859696396,-0.45084255028313036,-1.2145119629612964,0.2688642262755625,1.0452389247609206,0.0,0.5681464542852197,0.38063839317805304,-0.4145769284907814,0.17658487088159447,-0.1372332314392697,0.2644159622990916,-0.35672705159496143,-0.36855297023293865,-1.032189839685417,0.7476527338265093,-1.479723254387313,-0.34995268430544524,0.16809115426222654,1.4732288915075191,-0.5776497176700244,-0.4771126941280297,0.8479742060213662,outlier
1.9878084447785263,-1.8041942852481228,-0.32173207859696396,-0.45084255028313036,0.8181975329423463,0.2688642262755625,1.0452389247609206,0.0,0.5681464542852197,0.38063839317805304,-0.4145769284907814,0.17658487088159447,-0.1372332314392697,0.2644159622990916,-0.35672705159496143,-0.36855297023293865,-1.032189839685417,0.7476527338265093,-1.479723254387313,-0.34995268430544524,0.16809115426222654,1.4732288915075191,-0.5776497176700244,-0.4771126941280297,0.9321885834337185,target
1.875610524040229,-1.8041942852481228,-0.32173207859696396,-0.45084255028313036,-1.2145119629612964,0.2688642262755625,1.0452389247609206,0.0,0.5681464542852197,0.38063839317805304,-0.4145769284907814,0.17658487088159447,0.5163733106523836,0.2644159622990916,2.628515117015499,1.4698759636348941,-1.032189839685417,0.036935644811439516,-0.15718593809214987,-0.2985318573905893,0.8191628601743837,-1.854702000445073,-0.90567223591836,-0.6319308948756968,1.6203646574397064,target
1.875610524040229,-1.8041942852481228,-0.32173207859696396,-0.45084255028313036,0.8181975329423463,0.2688642262755625,1.0452389247609206,0.0,0.5681464542852197,0.38063839317805304,-0.4145769284907814,0.17658487088159447,0.6304950878429896,0.2644159622990916,2.628515117015499,1.4698759636348941,-1.032189839685417,0.036935644811439516,-0.15718593809214987,-0.2985318573905893,0.8191628601743837,-1.854702000445073,-0.90567223591836,-0.6319308948756968,1.6433322149158027,target
-0.0037046483262650476,-1.640644176152084,-0.32173207859696396,-0.45084255028313036,-1.2145119629612964,-1.0265725003248738,-0.6680908591255366,0.0,-1.9089136651690986,-2.7174655804332897,-2.724777803375126,-0.30826118747304676,-2.0192050843825395,-3.239095538163873,-1.8493481359001924,-1.9115201111577274,-0.5408180297752934,-1.4593108583781795,-0.699765349905551,-0.16997979010344855,-1.5572488664049904,-0.029707640342037323,3.3586205013100017,3.238524123815978,-1.070922688592612,outlier
-0.6488426925714794,-1.640644176152084,-0.32173207859696396,-0.45084255028313036,-1.2145119629612964,-1.0265725003248738,-0.6680908591255366,0.0,-0.7284397019916504,-1.4330975465551976,-1.0306304951266085,-0.8371841602235683,-1.2182777026448304,0.2644159622990916,-0.35672705159496143,-0.9594765561190282,0.9332973999550778,-1.010436907421294,-0.4284756439988495,-0.14426937664602058,-0.8410699899016172,0.6144080161649157,1.8825191691924923,1.6903421163393082,-0.8762939052396206,outlier
-1.1256838557092461,-1.640644176152084,-0.32173207859696396,-0.45084255028313036,0.8181975329423463,0.2688642262755625,-0.6680908591255366,0.0,-0.7284397019916504,-1.1814308372142204,-1.0306304951266085,-0.8371841602235683,-1.1456547535235355,0.2644159622990916,-0.35672705159496143,-0.9594765561190282,0.9332973999550778,-1.010436907421294,-0.4284756439988495,-0.14426937664602058,-0.8410699899016172,0.6144080161649157,1.8825191691924923,1.6903421163393082,-0.8286574897336436,target
-0.08785308887998866,-1.4770940670560457,-0.32173207859696396,-0.45084255028313036,-1.2145119629612964,-1.0265725003248738,-0.6680908591255366,0.0,-0.8832559594575464,-1.3116032730802427,-0.927954900687304,-1.36610713297409,-1.2141278198378993,0.2644159622990916,-0.35672705159496143,-0.9594765561190282,0.9332973999550778,-1.2348738828997359,-0.021541085138800042,-0.19311916221513403,-0.9061771604928333,0.8291132350005661,1.7185079100683245,1.380705714843974,-0.999297935278268,outlier
-0.08785308887998866,-1.4770940670560457,-0.32173207859696396,-0.45084255028313036,-1.2145119629612964,-1.0265725003248738,-0.6680908591255366,0.0,-0.8832559594575464,-1.3116032730802427,-0.927954900687304,-1.36610713297409,-1.2141278198378993,0.2644159622990916,-0.35672705159496143,-0.9594765561190282,0.9332973999550778,-1.2348738828997359,-0.021541085138800042,-0.19569020356087652,-0.9061771604928333,0.8291132350005661,0.7344403553233176,0.9162511126009729,-0.8623432406985845,outlier
-0.08785308887998866,-1.4770940670560457,-0.32173207859696396,2.2041191347175286,-1.2145119629612964,-1.0265725003248738,-0.6680908591255366,0.0,-0.8832559594575464,-1.3116032730802427,-0.927954900687304,-1.36610713297409,-0.6912425861645763,0.2644159622990916,-0.35672705159496143,-0.6968438512807662,-1.032189839685417,-1.010436907421294,0.521038326674601,-0.6584776457945822,0.20064473955783413,0.8291132350005661,-0.41363845854585657,-0.32229449338036265,-0.5935377532005717,outlier
0.7536313166572475,-1.4770940670560457,-0.32173207859696396,-0.45084255028313036,0.8181975329423463,-1.0265725003248738,-0.6680908591255366,0.0,-0.8832559594575464,-1.3116032730802427,-0.927954900687304,-1.45426096176584,-1.0253081521225331,0.2644159622990916,-0.35672705159496143,-0.9594765561190282,0.9332973999550778,-1.2348738828997359,-0.021541085138800042,-0.19569020356087652,-0.9061771604928333,0.8291132350005661,0.7344403553233176,0.9162511126009729,-0.8875224888946007,outlier
0.7536313166572475,-1.4770940670560457,-0.32173207859696396,-0.45084255028313036,0.8181975329423463,0.2688642262755625,-0.6680908591255366,0.0,-0.8832559594575464,-1.3116032730802427,-0.927954900687304,-1.45426096176584,-0.97965944124629,0.2644159622990916,-0.35672705159496143,-0.9594765561190282,0.9332973999550778,-1.2348738828997359,-0.021541085138800042,-0.19569020356087652,-0.9061771604928333,0.8291132350005661,0.7344403553233176,0.9162511126009729,-0.8087522732543604,outlier
0.7536313166572475,-1.4770940670560457,-0.32173207859696396,-0.45084255028313036,0.8181975329423463,0.2688642262755625,-0.6680908591255366,0.0,-0.8832559594575464,-1.3116032730802427,-0.927954900687304,-1.45426096176584,-0.97965944124629,0.2644159622990916,-0.35672705159496143,-0.9594765561190282,0.9332973999550778,-1.2348738828997359,-0.021541085138800042,-0.19569020356087652,-0.9061771604928333,0.8291132350005661,0.7344403553233176,0.9162511126009729,-0.6527430124722859,outlier
-0.31224893035658496,-1.4770940670560457,-0.32173207859696396,-0.45084255028313036,0.8181975329423463,1.5643009528759988,-0.6680908591255366,0.0,0.9745391301331914,0.18971882057455147,-0.517252522930093,2.6008151626548077,0.15325856504590973,0.2644159622990916,-0.35672705159496143,0.09105426323401966,0.9332973999550778,0.14915413255066134,0.7584168193429619,-0.4270839246777296,-0.2551054545806757,-0.2444128591776895,-0.41363845854585657,-0.32229449338036265,-0.42953237981570824,target
0.6694828761035234,-1.4770940670560457,-0.32173207859696396,2.2041191347175286,-1.2145119629612964,-1.0265725003248738,-0.6680908591255366,0.0,-0.457511251426336,0.06822454709959658,0.35549002980399536,-1.6305686193493472,0.7259423924024055,0.2644159622990916,-0.35672705159496143,1.2072432587966326,-0.04944621986516973,1.1217143596239136,2.2505102018298118,-0.8127401265391507,1.600448907268972,-0.2444128591776895,-1.2336947541666952,-1.251203697866364,0.25830343407952294,outlier
0.44508703462692756,-1.3135439579600072,-0.32173207859696396,-0.45084255028313036,-1.2145119629612964,-1.0265725003248738,-0.6680908591255366,0.0,-2.2572502444673646,-2.4137298967459024,-0.8766171034676518,-1.36610713297409,-1.5523432686027867,0.2644159622990916,-0.35672705159496143,-0.8938183799094626,0.4419255900449539,-1.4593108583781795,0.5888607531512751,-0.14426937664602058,-1.2317130134489116,-0.6738232968489921,3.6866430195583364,3.393342324563644,-0.8449899750499785,outlier
0.44508703462692756,-1.3135439579600072,-0.32173207859696396,-0.45084255028313036,-1.2145119629612964,-1.0265725003248738,-0.6680908591255366,0.0,-2.2572502444673646,-2.4137298967459024,-0.8766171034676518,-1.36610713297409,-1.3323994798354368,0.2644159622990916,-0.35672705159496143,-0.8938183799094626,0.4419255900449539,-1.4593108583781795,0.5888607531512751,-0.2471110304757329,-0.6457484781279703,1.9026393291788217,0.7344403553233176,0.9162511126009729,-0.7810210742276666,outlier
-0.5646942520177558,-1.3135439579600072,-0.32173207859696396,-0.45084255028313036,-1.2145119629612964,-1.0265725003248738,-0.6680908591255366,0.0,-0.8832559594575464,-1.9451091276282213,-0.8252793062479995,-0.5727226738483076,-1.2950505345730567,0.2644159622990916,-0.35672705159496143,-1.3205965252716383,0.4419255900449539,-1.4593108583781795,-0.5641204969521993,-0.01571730935888027,-1.166605842857696,0.8291132350005661,1.8825191691924923,1.5355239155916411,-1.0287304348587467,outlier
-0.5646942520177558,-1.3135439579600072,-0.32173207859696396,-0.45084255028313036,-1.2145119629612964,-1.0265725003248738,-0.6680908591255366,0.0,-0.8832559594575464,-1.9451091276282213,-0.8252793062479995,-0.5727226738483076,-1.0813315700161032,0.2644159622990916,-0.35672705159496143,-0.8938183799094626,0.4419255900449539,-1.4593108583781795,0.5888607531512751,-0.2471110304757329,-0.6457484781279703,1.9026393291788217,0.5704290961991498,0.2969783096103056,-0.8364834722810541,outlier
-0.5646942520177558,-1.3135439579600072,-0.32173207859696396,-0.45084255028313036,-1.2145119629612964,-1.0265725003248738,-0.6680908591255366,0.0,-0.8832559594575464,-1.9451091276282213,-0.8252793062479995,-0.5727226738483076,-1.0481325075606538,0.2644159622990916,-0.35672705159496143,-0.8938183799094626,0.4419255900449539,-1.4593108583781795,0.5888607531512751,-0.2471110304757329,-0.6457484781279703,1.9026393291788217,0.5704290961991498,0.2969783096103056,-0.7344054390539607,outlier
-0.31224893035658496,-1.3135439579600072,-0.32173207859696396,-0.45084255028313036,0.8181975329423463,0.2688642262755625,-0.6680908591255366,0.0,-0.341399058326914,-0.7822353672250841,-0.8252793062479995,0.26473869967334807,-0.9360856717735135,0.2644159622990916,-0.35672705159496143,-0.8938183799094626,0.4419255900449539,-1.4593108583781795,0.5888607531512751,-0.2471110304757329,-0.6457484781279703,1.9026393291788217,0.5704290961991498,0.2969783096103056,-0.7061638498611313,target
-1.2098322962629697,-1.3135439579600072,-0.32173207859696396,-0.45084255028313036,0.8181975329423463,1.5643009528759988,-0.6680908591255366,0.0,-0.341399058326914,-1.3289595978623812,-0.8766171034676518,1.9396614467166593,-0.9070364921249956,0.2644159622990916,-0.35672705159496143,-0.8938183799094626,0.4419255900449539,-1.421904695798439,0.5888607531512751,-0.2471110304757329,-0.6457484781279703,1.9026393291788217,0.5704290961991498,0.2969783096103056,-0.7061638498611313,target
-0.4244468510948831,-1.3135439579600072,-0.32173207859696396,-0.45084255028313036,-1.2145119629612964,-1.0265725003248738,-0.6680908591255366,0.0,-0.341399058326914,-0.42643070919128867,-0.2092257396121724,-0.2641842730771735,-0.46714891459029495,0.2644159622990916,-0.35672705159496143,-0.30289479402337305,0.4419255900449539,-0.5615629564644085,1.1653513782030132,-0.2985318573905893,-0.32021262517189175,1.4732288915075191,0.07839531882664641,0.14216010886263852,-0.6040858166340379,target
-0.4244468510948831,-1.3135439579600072,-0.32173207859696396,-0.45084255028313036,-1.2145119629612964,-1.0265725003248738,-0.6680908591255366,0.0,-0.341399058326914,-0.42643070919128867,-0.2092257396121724,-0.2641842730771735,-0.35717702020662045,0.2644159622990916,-0.35672705159496143,-0.30289479402337305,0.4419255900449539,-0.5615629564644085,1.1653513782030132,-0.2985318573905893,-0.32021262517189175,1.4732288915075191,0.07839531882664641,0.14216010886263852,-0.3999297501798511,target
-1.013485934970948,-1.3135439579600072,-0.32173207859696396,-0.45084255028313036,0.8181975329423463,0.2688642262755625,-0.6680908591255366,0.0,-0.341399058326914,0.25914411970309814,-0.2092257396121724,0.08843104208984087,-0.32605289915463675,0.2644159622990916,-0.35672705159496143,-0.30289479402337305,0.4419255900449539,-0.5615629564644085,1.1653513782030132,-0.2985318573905893,-0.32021262517189175,1.4732288915075191,0.07839531882664641,0.14216010886263852,-0.4424622640244733,target
-1.013485934970948,-1.3135439579600072,-0.32173207859696396,-0.45084255028313036,0.8181975329423463,0.2688642262755625,-0.6680908591255366,0.0,-0.341399058326914,0.25914411970309814,-1.5953462645427834,0.08843104208984087,-0.18495688371897767,0.2644159622990916,-0.35672705159496143,-0.30289479402337305,0.4419255900449539,-0.5615629564644085,1.1653513782030132,-0.2985318573905893,-0.32021262517189175,1.4732288915075191,0.07839531882664641,0.14216010886263852,-0.19577368372566428,target
-1.013485934970948,-1.3135439579600072,-0.32173207859696396,-0.45084255028313036,0.8181975329423463,0.2688642262755625,-0.6680908591255366,0.0,-0.341399058326914,0.25914411970309814,-0.2092257396121724,0.08843104208984087,0.008012666803320023,0.2644159622990916,-0.35672705159496143,-0.30289479402337305,-1.032189839685417,-0.5615629564644085,1.1653513782030132,-0.2985318573905893,0.16809115426222654,1.4732288915075191,-0.41363845854585657,-0.6319308948756968,0.2550709630273318,target
-0.3963973709103086,-1.3135439579600072,-0.32173207859696396,-0.45084255028313036,-1.2145119629612964,0.2688642262755625,-0.6680908591255366,0.0,-0.341399058326914,-0.2875801109341989,0.20147663814503858,-1.2779533041823328,-0.3488772545927583,0.2644159622990916,-0.35672705159496143,-0.30289479402337305,0.9332973999550778,-0.5615629564644085,1.1653513782030132,-0.2728214439331609,0.1355375689666185,0.8291132350005661,-0.2496271994216892,-0.1674762926326956,-0.1872671809567399,outlier
0.6694828761035234,-0.9864437397679302,-0.32173207859696396,-0.45084255028313036,0.8181975329423463,0.2688642262755625,1.0452389247609206,0.0,2.851686251907168,2.3592594183415976,2.049637338052513,-0.4845688450565575,3.3299938537516924,-2.0712583713428847,2.628515117015499,4.555810245484471,-1.032189839685417,1.2339328473631355,3.1661129592649235,-0.5299255785074419,2.609610051432816,-0.7811759062668173,-1.8897397906633664,-2.0252947016046994,3.539431682109063,target
-0.4805458114640322,-0.8228936306718917,-0.32173207859696396,-0.45084255028313036,-1.2145119629612964,-1.0265725003248738,-0.6680908591255366,0.0,-0.9993681525569684,-1.1553963500410163,-0.722603711808695,0.08843104208984087,-1.1850786401893814,0.2644159622990916,-0.35672705159496143,-0.9266474680142451,0.9332973999550778,-1.010436907421294,-0.2928307910454997,-0.2985318573905893,-0.9061771604928333,-0.2444128591776895,0.5704290961991498,-0.1674762926326956,-1.0634369661559586,outlier
-0.4805458114640322,-0.8228936306718917,-0.32173207859696396,-0.45084255028313036,-1.2145119629612964,-1.0265725003248738,-0.6680908591255366,0.0,-0.9993681525569684,-1.1553963500410163,-0.722603711808695,0.08843104208984087,-1.164329226154726,0.2644159622990916,-0.35672705159496143,-0.9266474680142451,0.9332973999550778,-1.010436907421294,-0.2928307910454997,-0.2985318573905893,-0.9061771604928333,-0.2444128591776895,0.7344403553233176,0.9162511126009729,-0.9103199163153184,outlier
-0.4805458114640322,-0.8228936306718917,-0.32173207859696396,-0.45084255028313036,-1.2145119629612964,-1.0265725003248738,-0.6680908591255366,0.0,-0.9993681525569684,-1.1553963500410163,-0.722603711808695,0.08843104208984087,-1.153954519137398,0.2644159622990916,-0.35672705159496143,-0.9266474680142451,0.9332973999550778,-1.010436907421294,-0.2928307910454997,-0.2985318573905893,-0.9061771604928333,-0.2444128591776895,0.7344403553233176,0.9162511126009729,-0.791228877550376,outlier
-0.22810048980286135,-0.8228936306718917,-0.32173207859696396,-0.45084255028313036,0.8181975329423463,0.2688642262755625,-0.6680908591255366,0.0,-0.9993681525569684,-0.48717784592876434,-0.722603711808695,0.08843104208984087,-1.0709568629987753,0.2644159622990916,-0.35672705159496143,-0.9266474680142451,0.9332973999550778,-1.010436907421294,-0.2928307910454997,-0.2985318573905893,-0.9061771604928333,-0.2444128591776895,0.7344403553233176,0.9162511126009729,-0.808241883088225,outlier
-0.22810048980286135,-0.8228936306718917,-0.32173207859696396,-0.45084255028313036,0.8181975329423463,0.2688642262755625,-0.6680908591255366,0.0,-0.9993681525569684,-0.48717784592876434,-0.722603711808695,0.08843104208984087,-1.0605821559814474,0.2644159622990916,-0.35672705159496143,-0.9266474680142451,0.9332973999550778,-0.823406094522591,-0.2928307910454997,-0.2985318573905893,-0.9061771604928333,-0.2444128591776895,0.7344403553233176,0.9162511126009729,-0.6891508443232826,outlier
0.22069119315033126,-0.8228936306718917,-0.32173207859696396,-0.45084255028313036,-1.2145119629612964,-1.0265725003248738,-0.6680908591255366,0.0,0.1036976818875317,0.4674200170887346,0.4581656242432999,-0.08787661549366277,-0.1579826454739255,0.2644159622990916,-0.35672705159496143,0.09105426323401966,0.9332973999550778,0.3361849454493644,0.521038326674601,-0.4013735112203016,-0.3853197957631074,-0.6738232968489921,-0.0856159402975214,-0.012658091885028533,-0.4424622640244733,outlier
-0.17200152943371227,-0.8228936306718917,-0.32173207859696396,-0.45084255028313036,0.8181975329423463,0.2688642262755625,-0.6680908591255366,0.0,0.1036976818875317,0.4674200170887346,0.4581656242432999,0.7055078436321125,-0.10610911038728688,0.2644159622990916,-0.35672705159496143,0.09105426323401966,0.9332973999550778,0.3361849454493644,0.521038326674601,-0.4013735112203016,-0.3853197957631074,-0.6738232968489921,-0.0856159402975214,-0.012658091885028533,-0.5020077834069445,target
0.22069119315033126,-0.8228936306718917,-0.32173207859696396,-0.45084255028313036,-1.2145119629612964,-1.0265725003248738,-0.6680908591255366,0.0,0.1036976818875317,0.4674200170887346,0.4581656242432999,-0.08787661549366277,-0.1579826454739255,0.2644159622990916,-0.35672705159496143,0.09105426323401966,0.9332973999550778,0.3361849454493644,0.521038326674601,-0.4013735112203016,-0.3853197957631074,-0.6738232968489921,-0.0856159402975214,-0.012658091885028533,-0.14473466711211747,outlier
-0.17200152943371227,-0.8228936306718917,-0.32173207859696396,-0.45084255028313036,0.8181975329423463,0.2688642262755625,-0.6680908591255366,0.0,0.1036976818875317,0.4674200170887346,0.4581656242432999,0.7055078436321125,-0.10610911038728688,0.2644159622990916,-0.35672705159496143,0.09105426323401966,0.9332973999550778,0.3361849454493644,0.521038326674601,-0.4013735112203016,-0.3853197957631074,-0.6738232968489921,-0.0856159402975214,-0.012658091885028533,-0.20428018649458868,target
-0.17200152943371227,-0.8228936306718917,-0.32173207859696396,-0.45084255028313036,0.8181975329423463,-1.0265725003248738,-0.6680908591255366,0.0,0.1036976818875317,0.4674200170887346,0.4581656242432999,0.7055078436321125,-0.07498498933530318,0.2644159622990916,-0.35672705159496143,0.09105426323401966,0.9332973999550778,0.3361849454493644,0.521038326674601,-0.4013735112203016,-0.3853197957631074,-0.6738232968489921,-0.0856159402975214,-0.012658091885028533,-0.03415013111609966,target
-0.08785308887998866,-0.8228936306718917,-0.32173207859696396,-0.45084255028313036,0.8181975329423463,0.2688642262755625,1.0452389247609206,0.0,1.2841716450649834,0.2244314701388248,0.25281443536469084,0.22066178527747127,0.43337565451376125,0.2644159622990916,-0.35672705159496143,0.6819778491201087,-1.032189839685417,1.7202129608997598,-0.2589195778071609,-0.5556359919648699,0.7866092748787756,-0.2444128591776895,-1.2336947541666952,-0.7867490956233638,1.162714808471571,target
-0.7890900934943517,-0.6593435215758532,3.0886279545308555,2.2041191347175286,0.8181975329423463,0.2688642262755625,1.0452389247609206,0.0,2.2711252864100615,1.6042592903186659,2.4090019185900786,1.1462769875908805,2.1867011404421657,0.2644159622990916,1.1358940327102696,2.0936286376257667,-0.5408180297752934,1.0469020344644324,1.3688186576330388,2.915269824787921,0.8842700307655988,-1.6399967816094208,-0.7416609767941922,-1.0963854971186975,2.3999005711839434,target
-0.7890900934943517,-0.6593435215758532,3.0886279545308555,2.2041191347175286,0.8181975329423463,1.5643009528759988,1.0452389247609206,0.0,2.2711252864100615,1.6042592903186659,2.4090019185900786,2.1159691043001665,2.6743123702565734,0.2644159622990916,1.1358940327102696,2.0936286376257667,-0.5408180297752934,1.0469020344644324,1.3688186576330388,2.915269824787921,0.8842700307655988,-1.6399967816094208,-0.7416609767941922,-1.0963854971186975,2.8585712004843504,target
-0.7890900934943517,-0.6593435215758532,3.0886279545308555,2.2041191347175286,-1.2145119629612964,2.859737679476435,1.0452389247609206,0.0,1.6325082243632458,1.3092017690223479,2.4090019185900786,0.44104635725685526,2.145202312372854,0.2644159622990916,1.1358940327102696,2.0936286376257667,-0.5408180297752934,1.0469020344644324,1.3688186576330388,2.915269824787921,0.8842700307655988,-1.6399967816094208,-0.7416609767941922,-1.0963854971186975,2.846321836497099,target
-0.7890900934943517,-0.6593435215758532,3.0886279545308555,2.2041191347175286,0.8181975329423463,0.2688642262755625,1.0452389247609206,0.0,3.3548390886713264,2.6196042900736423,3.1277310796652102,1.0581231587991269,2.715811198325885,0.2644159622990916,1.1358940327102696,2.0936286376257667,-0.5408180297752934,1.0469020344644324,1.3688186576330388,2.915269824787921,0.8842700307655988,-1.6399967816094208,-0.7416609767941922,-1.0963854971186975,3.4288471461130454,target
0.5853344355498002,-0.6593435215758532,-0.32173207859696396,-0.45084255028313036,-1.2145119629612964,-2.32200922692531,1.0452389247609206,0.0,-0.32204702614367875,0.6843740768654403,2.511677513029383,-1.36610713297409,2.5394411790313116,-0.9034212045218966,5.613757285625961,3.767912130969686,-1.032189839685417,0.5980280835075469,-0.46238685723718653,-0.47850475159258554,1.9259847602250506,-0.7811759062668173,-1.7257285315391986,-2.180112902352366,4.016816617501104,outlier
1.118274559056716,-0.3322433033837764,-0.32173207859696396,-0.45084255028313036,-1.2145119629612964,-1.0265725003248738,-0.6680908591255366,0.0,-0.8832559594575464,-1.3116032730802427,-0.6199281173693905,-1.36610713297409,-1.1269802808923455,0.2644159622990916,-0.35672705159496143,-0.8938183799094626,0.9332973999550778,-1.2348738828997359,-0.021541085138800042,-0.19569020356087652,-0.9061771604928333,0.8291132350005661,1.7185079100683245,1.380705714843974,-1.0304317354125316,outlier
1.118274559056716,-0.3322433033837764,-0.32173207859696396,-0.45084255028313036,-1.2145119629612964,-1.0265725003248738,-0.6680908591255366,0.0,-0.8832559594575464,-1.3116032730802427,-0.6199281173693905,-1.36610713297409,-1.073031804402241,0.2644159622990916,-0.35672705159496143,-0.8938183799094626,0.9332973999550778,-1.2348738828997359,-0.021541085138800042,-0.19569020356087652,-0.9061771604928333,0.8291132350005661,0.7344403553233176,0.9162511126009729,-0.8943276911097404,outlier
1.118274559056716,-0.3322433033837764,-0.32173207859696396,-0.45084255028313036,-1.2145119629612964,-1.0265725003248738,-0.6680908591255366,0.0,-0.8832559594575464,-1.3116032730802427,-0.6199281173693905,-1.36610713297409,-0.9485353201943072,0.2644159622990916,-0.35672705159496143,-0.8938183799094626,0.9332973999550778,-1.2348738828997359,-0.021541085138800042,-0.19569020356087652,-0.9061771604928333,0.8291132350005661,0.7344403553233176,0.9162511126009729,-0.8126652645280656,outlier
1.118274559056716,-0.3322433033837764,-0.32173207859696396,2.2041191347175286,-1.2145119629612964,-1.0265725003248738,-0.6680908591255366,0.0,-1.0187201847402036,-1.3116032730802427,-0.927954900687304,-1.36610713297409,-0.655968582305662,0.2644159622990916,-0.35672705159496143,-0.6968438512807662,2.4074128296854482,-1.010436907421294,0.521038326674601,-0.6584776457945822,0.20064473955783413,0.8291132350005661,-0.41363845854585657,-0.32229449338036265,-0.6391326080420068,outlier
0.8938787175801197,-0.3322433033837764,-0.32173207859696396,2.2041191347175286,-1.2145119629612964,-1.0265725003248738,-0.6680908591255366,0.0,-0.380103122693388,0.05086822231746169,-0.10655014517286787,-1.9831839345163615,-0.1891067665259092,0.2644159622990916,-0.35672705159496143,-0.30289479402337305,2.4074128296854482,-0.48675063130492724,0.7584168193429619,-0.6841880592520102,0.6563949336963444,0.8291132350005661,-0.5776497176700244,-0.32229449338036265,-0.25293738233283647,outlier
0.8938787175801197,-0.3322433033837764,-0.32173207859696396,-0.45084255028313036,-1.2145119629612964,-1.0265725003248738,-0.6680908591255366,0.0,-0.380103122693388,0.05086822231746169,-0.10655014517286787,-1.9831839345163615,-0.276254305471463,0.2644159622990916,-0.35672705159496143,0.09105426323401966,0.9332973999550778,0.18656029513040195,0.7584168193429619,-0.4270839246777296,-0.2551054545806757,-0.2444128591776895,-0.2496271994216892,-0.012658091885028533,-0.5013272631854306,outlier
0.1084932724120331,-0.3322433033837764,-0.32173207859696396,-0.45084255028313036,0.8181975329423463,0.2688642262755625,-0.6680908591255366,0.0,-0.380103122693388,-0.0012007520289483153,-0.10655014517286787,-1.013491817807072,-0.1994814735432371,0.2644159622990916,-0.35672705159496143,0.09105426323401966,0.9332973999550778,0.18656029513040195,0.7584168193429619,-0.4270839246777296,-0.2551054545806757,-0.2444128591776895,-0.2496271994216892,-0.012658091885028533,-0.7582236468069492,outlier
0.1084932724120331,-0.3322433033837764,-0.32173207859696396,-0.45084255028313036,0.8181975329423463,0.2688642262755625,-0.6680908591255366,0.0,-0.380103122693388,-0.0012007520289483153,-0.10655014517286787,-1.013491817807072,-0.11648381740461478,0.2644159622990916,-0.35672705159496143,0.09105426323401966,0.9332973999550778,0.18656029513040195,0.7584168193429619,-0.4270839246777296,-0.2551054545806757,-0.2444128591776895,-0.2496271994216892,-0.012658091885028533,-0.5540675803527622,outlier
0.1084932724120331,-0.3322433033837764,-0.32173207859696396,2.2041191347175286,0.8181975329423463,0.2688642262755625,-0.6680908591255366,0.0,-0.380103122693388,-0.0012007520289483153,-0.10655014517286787,-1.013491817807072,-0.1206337002115454,0.2644159622990916,-0.35672705159496143,-0.30289479402337305,2.4074128296854482,-0.48675063130492724,0.7584168193429619,-0.6841880592520102,0.6563949336963444,0.8291132350005661,-0.5776497176700244,-0.32229449338036265,-0.36862581999020905,outlier
0.44508703462692756,-0.3322433033837764,-0.32173207859696396,-0.45084255028313036,0.8181975329423463,0.2688642262755625,-0.6680908591255366,0.0,-0.380103122693388,-0.0012007520289483153,-0.10655014517286787,-1.013491817807072,-0.1206337002115454,0.2644159622990916,-0.35672705159496143,-0.30289479402337305,2.4074128296854482,-0.48675063130492724,0.7584168193429619,-0.6841880592520102,0.6563949336963444,0.8291132350005661,-0.5776497176700244,-0.32229449338036265,-0.36862581999020905,target
0.19264171296575672,-0.16869319428773766,-0.32173207859696396,-0.45084255028313036,-1.2145119629612964,0.2688642262755625,-0.6680908591255366,0.0,-0.7284397019916504,-0.6173502817947885,-0.927954900687304,0.26473869967334807,-1.1871535815928471,0.2644159622990916,-0.35672705159496143,-0.7296729393855488,0.9332973999550778,-0.5615629564644085,0.18192619429122558,-0.19569020356087652,-0.8736235751972252,0.1849975784936131,0.7344403553233176,0.7614329118533067,-1.011717429320898,outlier
0.19264171296575672,-0.16869319428773766,3.0886279545308555,-0.45084255028313036,-1.2145119629612964,0.2688642262755625,-0.6680908591255366,0.0,-0.7284397019916504,-0.6173502817947885,-0.927954900687304,0.26473869967334807,-0.9215610819492541,0.2644159622990916,-0.35672705159496143,-0.5326984107568524,-0.5408180297752934,-1.1600615577402547,0.7923280325813007,3.018111478617633,-1.3293737693357353,-0.6738232968489921,3.030597983061666,2.7740695215729767,-0.7395093407153153,outlier
0.19264171296575672,-0.16869319428773766,-0.32173207859696396,-0.45084255028313036,-1.2145119629612964,0.2688642262755625,-0.6680908591255366,0.0,-0.7284397019916504,-0.6173502817947885,-0.927954900687304,0.26473869967334807,-1.1269802808923455,0.2644159622990916,-0.35672705159496143,-0.7296729393855488,0.9332973999550778,-0.5615629564644085,0.18192619429122558,-0.19569020356087652,-0.8736235751972252,0.1849975784936131,0.7344403553233176,0.7614329118533067,-0.8160678656356353,outlier
0.02434483185830949,-0.16869319428773766,-0.32173207859696396,-0.45084255028313036,0.8181975329423463,0.2688642262755625,-0.6680908591255366,0.0,-0.7284397019916504,-0.6173502817947885,-0.927954900687304,0.26473869967334807,-1.0854814528230339,0.2644159622990916,-0.35672705159496143,-0.7296729393855488,0.9332973999550778,-0.5615629564644085,0.18192619429122558,-0.19569020356087652,-0.8736235751972252,0.1849975784936131,0.7344403553233176,0.7614329118533067,-0.7820418545599375,outlier
-0.5085952916486067,-0.16869319428773766,-0.32173207859696396,-0.45084255028313036,0.8181975329423463,1.5643009528759988,-0.6680908591255366,0.0,-0.7284397019916504,-0.1921203246324481,-0.927954900687304,-0.17603044428541992,-0.9070364921249956,0.2644159622990916,-0.35672705159496143,-0.7296729393855488,0.9332973999550778,-0.5615629564644085,0.18192619429122558,-0.19569020356087652,-0.8736235751972252,0.1849975784936131,0.7344403553233176,0.7614329118533067,-0.6969768268706931,outlier
0.19264171296575672,-0.16869319428773766,-0.32173207859696396,-0.45084255028313036,-1.2145119629612964,0.2688642262755625,-0.6680908591255366,0.0,-0.7284397019916504,-0.6173502817947885,-0.927954900687304,0.26473869967334807,-1.0585072145779817,0.2644159622990916,-0.35672705159496143,-0.7296729393855488,0.9332973999550778,-0.5615629564644085,0.18192619429122558,-0.19569020356087652,-0.8736235751972252,0.1849975784936131,0.7344403553233176,0.7614329118533067,-0.7054833296396175,outlier
0.19264171296575672,-0.16869319428773766,-0.32173207859696396,-0.45084255028313036,-1.2145119629612964,-1.0265725003248738,-0.6680908591255366,0.0,-0.7284397019916504,-0.5913157946215843,-0.927954900687304,-0.2641842730771735,-0.8987367265111335,0.2644159622990916,-0.35672705159496143,-0.7296729393855488,0.9332973999550778,-0.5615629564644085,0.18192619429122558,-0.19569020356087652,-0.8736235751972252,0.1849975784936131,0.7344403553233176,0.7614329118533067,-0.6204183019503728,outlier
0.02434483185830949,-0.16869319428773766,-0.32173207859696396,-0.45084255028313036,0.8181975329423463,0.2688642262755625,-0.6680908591255366,0.0,-0.7284397019916504,-0.6173502817947885,-0.927954900687304,0.26473869967334807,-1.01700838650867,0.2644159622990916,-0.35672705159496143,-0.7296729393855488,0.9332973999550778,-0.5615629564644085,0.18192619429122558,-0.19569020356087652,-0.8736235751972252,0.1849975784936131,0.7344403553233176,0.7614329118533067,-0.6714573185639197,outlier
-0.5085952916486067,-0.16869319428773766,-0.32173207859696396,-0.45084255028313036,0.8181975329423463,1.5643009528759988,-0.6680908591255366,0.0,-0.7284397019916504,-0.1921203246324481,-0.927954900687304,-0.17603044428541992,-0.8800622538799434,0.2644159622990916,-0.35672705159496143,-0.7296729393855488,0.9332973999550778,-0.5615629564644085,0.18192619429122558,-0.19569020356087652,-0.8736235751972252,0.1849975784936131,0.7344403553233176,0.7614329118533067,-0.586392290874675,outlier
1.3146209203487382,-0.16869319428773766,-0.32173207859696396,-0.45084255028313036,-1.2145119629612964,2.859737679476435,-0.6680908591255366,0.0,-0.612327508892232,-0.8690169911357657,-0.927954900687304,-0.2641842730771735,-0.9402355545804442,0.2644159622990916,-0.35672705159496143,-0.7296729393855488,0.9332973999550778,-0.5615629564644085,0.18192619429122558,-0.19569020356087652,-0.8736235751972252,0.1849975784936131,0.7344403553233176,0.7614329118533067,-0.5438597770300528,outlier
-0.4244468510948831,-0.16869319428773766,-0.32173207859696396,-0.45084255028313036,0.8181975329423463,-1.0265725003248738,-0.6680908591255366,0.0,-0.20593483304425675,0.08558087188173502,-0.2092257396121724,0.35289252846510166,-0.28455407108532516,0.2644159622990916,-0.35672705159496143,0.02539608702445406,0.9332973999550778,0.11174796997092074,0.7923280325813007,-0.4270839246777296,0.03787681307979485,0.1849975784936131,0.07839531882664641,0.2969783096103056,-0.4247687382651104,target
-0.4244468510948831,-0.16869319428773766,-0.32173207859696396,-0.45084255028313036,0.8181975329423463,0.2688642262755625,-0.6680908591255366,0.0,-0.20593483304425675,0.08558087188173502,-0.2092257396121724,0.35289252846510166,-0.3302027819615674,0.2644159622990916,-0.35672705159496143,0.02539608702445406,0.9332973999550778,0.11174796997092074,0.7923280325813007,-0.4270839246777296,0.03787681307979485,0.1849975784936131,0.07839531882664641,0.2969783096103056,-0.322690705038017,target
0.19264171296575672,-0.16869319428773766,-0.32173207859696396,-0.45084255028313036,0.8181975329423463,0.2688642262755625,-0.6680908591255366,0.0,0.4133301968193237,0.8058683503403916,0.4581656242432999,0.5292001860486089,1.3152257509866274,-0.9034212045218966,2.628515117015499,2.0279704614162015,-1.032189839685417,0.48580959576832683,0.11410376781454978,-0.2985318573905893,1.828324004338227,0.1849975784936131,-1.5617172724150308,-1.5608400993616982,0.3493230137070149,target
-0.36834789072573404,-0.16869319428773766,-0.32173207859696396,-0.45084255028313036,0.8181975329423463,1.5643009528759988,-0.6680908591255366,0.0,0.4133301968193237,1.0575350596813706,0.4581656242432999,0.9699693300073733,1.7322889730832056,-0.9034212045218966,2.628515117015499,2.0279704614162015,-1.032189839685417,0.48580959576832683,0.11410376781454978,-0.2985318573905893,1.828324004338227,0.1849975784936131,-1.5617172724150308,-1.5608400993616982,0.5024400635476549,target
-0.36834789072573404,-0.16869319428773766,-0.32173207859696396,-0.45084255028313036,0.8181975329423463,0.2688642262755625,-0.6680908591255366,0.0,0.4133301968193237,1.0575350596813706,0.4581656242432999,0.5292001860486089,1.2426028018653321,-0.9034212045218966,2.628515117015499,2.0279704614162015,-1.032189839685417,0.48580959576832683,0.11410376781454978,-0.2985318573905893,1.828324004338227,0.1849975784936131,-1.2336947541666952,-1.0963854971186975,0.3493230137070149,target
2.0439074051476753,-0.16869319428773766,-0.32173207859696396,-0.45084255028313036,-1.2145119629612964,-1.0265725003248738,1.0452389247609206,0.0,-1.3477047318552309,-0.14872951267710732,1.1768947853184315,-1.8509531913287276,1.2654271573034537,-0.9034212045218966,2.628515117015499,2.0279704614162015,-1.032189839685417,0.48580959576832683,0.11410376781454978,-0.2985318573905893,2.0887526867030903,0.1849975784936131,-1.2336947541666952,-1.0963854971186975,0.9788042186074242,outlier
2.0439074051476753,-0.16869319428773766,-0.32173207859696396,2.2041191347175286,-1.2145119629612964,-1.0265725003248738,1.0452389247609206,0.0,-1.3477047318552309,-0.14872951267710732,1.1768947853184315,-1.8509531913287276,1.4065231727391119,-0.9034212045218966,2.628515117015499,2.0279704614162015,-1.032189839685417,0.48580959576832683,0.11410376781454978,-0.6070568188797263,3.3908960985274046,0.1849975784936131,-1.5617172724150308,-1.4060218986140312,1.404129357053647,outlier
3.0817381719769337,-0.16869319428773766,-0.32173207859696396,-0.45084255028313036,-1.2145119629612964,-1.0265725003248738,1.0452389247609206,0.0,0.1811058106204797,0.5281671538262103,1.1768947853184315,-1.8509531913287276,1.4065231727391119,-0.9034212045218966,2.628515117015499,2.0279704614162015,-1.032189839685417,0.48580959576832683,0.11410376781454978,-0.2985318573905893,2.0887526867030903,0.1849975784936131,-1.2336947541666952,-1.0963854971186975,1.182960285061611,outlier
1.118274559056716,-0.00514308519169937,-0.32173207859696396,-0.45084255028313036,0.8181975329423463,0.2688642262755625,1.0452389247609206,0.0,1.8647326105620898,1.2397764698938012,1.4335837714166928,1.234430816382634,1.1596051457267098,-3.239095538163873,-0.35672705159496143,0.02539608702445406,-1.032189839685417,0.5980280835075469,-0.15718593809214987,-0.45279433813515757,0.03787681307979485,-0.2444128591776895,-1.2336947541666952,-1.251203697866364,0.07728505515681072,target
1.118274559056716,-0.00514308519169937,3.0886279545308555,2.2041191347175286,0.8181975329423463,0.2688642262755625,1.0452389247609206,0.0,1.8647326105620898,1.2397764698938012,1.4335837714166928,1.234430816382634,1.5268697741401152,-3.239095538163873,-0.35672705159496143,1.0759269063775014,-0.5408180297752934,1.4957759854213197,0.9618840987729875,2.7867177575007807,-0.027230357511420777,-2.0694072192807234,0.24240657795081422,0.14216010886263852,0.29845412714884634,target
1.118274559056716,-0.00514308519169937,-0.32173207859696396,-0.45084255028313036,0.8181975329423463,0.2688642262755625,1.0452389247609206,0.0,1.8647326105620898,1.2397764698938012,1.4335837714166928,1.234430816382634,1.2737269229173158,-3.239095538163873,-0.35672705159496143,0.02539608702445406,-1.032189839685417,0.5980280835075469,-3.548307261925899,-0.45279433813515757,-0.027230357511420777,-0.2444128591776895,-1.2336947541666952,-1.251203697866364,0.7033636589496506,target
1.118274559056716,-0.00514308519169937,3.0886279545308555,2.2041191347175286,0.8181975329423463,0.2688642262755625,1.0452389247609206,0.0,1.8647326105620898,1.2397764698938012,1.4335837714166928,1.234430816382634,1.6409915513307212,-3.239095538163873,-0.35672705159496143,1.0759269063775014,-0.5408180297752934,1.4957759854213197,0.9618840987729875,2.7867177575007807,-0.027230357511420777,-2.0694072192807234,0.24240657795081422,0.14216010886263852,0.927935332049256,target
1.118274559056716,-0.00514308519169937,-0.32173207859696396,-0.45084255028313036,0.8181975329423463,0.2688642262755625,1.0452389247609206,0.0,1.8647326105620898,1.2397764698938012,1.4335837714166928,1.234430816382634,1.2737269229173158,-3.239095538163873,-0.35672705159496143,0.02539608702445406,-1.032189839685417,0.5980280835075469,-0.15718593809214987,-0.45279433813515757,0.03787681307979485,-0.2444128591776895,-1.2336947541666952,-1.251203697866364,0.8820002170970638,target
1.118274559056716,-0.00514308519169937,3.0886279545308555,2.2041191347175286,0.8181975329423463,0.2688642262755625,1.0452389247609206,0.0,1.8647326105620898,1.2397764698938012,1.4335837714166928,1.234430816382634,1.6409915513307212,-3.239095538163873,-0.35672705159496143,1.0759269063775014,-0.5408180297752934,1.4957759854213197,0.9618840987729875,2.7867177575007807,-0.027230357511420777,-2.0694072192807234,0.24240657795081422,0.14216010886263852,1.1065718901966697,target
1.118274559056716,-0.00514308519169937,-0.32173207859696396,2.2041191347175286,0.8181975329423463,0.2688642262755625,1.0452389247609206,0.0,1.884084642745325,1.2397764698938012,1.3822459741970405,0.9258924156114965,1.3878487001079218,-3.239095538163873,-0.35672705159496143,0.48500332049141237,-1.032189839685417,1.1591205222036542,-0.08936351161547407,-0.8127401265391507,1.5027881513821484,1.0438184538362165,-1.397706013290863,-1.251203697866364,1.1405979012723673,target
-0.05980360869541412,0.15840702390433936,-0.32173207859696396,-0.45084255028313036,-1.2145119629612964,-1.0265725003248738,-0.6680908591255366,0.0,-0.8832559594575464,-1.3116032730802427,-0.927954900687304,-1.36610713297409,-1.1269802808923455,0.2644159622990916,-0.35672705159496143,-0.9594765561190282,0.9332973999550778,-1.2348738828997359,-0.021541085138800042,-0.19569020356087652,-0.9061771604928333,0.8291132350005661,1.7185079100683245,1.380705714843974,-0.999297935278268,outlier
-0.05980360869541412,0.15840702390433936,-0.32173207859696396,2.2041191347175286,-1.2145119629612964,-1.0265725003248738,-0.6680908591255366,0.0,-0.8832559594575464,-1.3116032730802427,-0.927954900687304,-1.36610713297409,-0.6912425861645763,0.2644159622990916,-0.35672705159496143,-0.6968438512807662,2.4074128296854482,-1.010436907421294,0.521038326674601,-0.6584776457945822,0.20064473955783413,0.8291132350005661,-0.41363845854585657,-0.32229449338036265,-0.5935377532005717,outlier
0.9219281977646947,0.15840702390433936,-0.32173207859696396,-0.45084255028313036,0.8181975329423463,-1.0265725003248738,-0.6680908591255366,0.0,-0.8832559594575464,-1.3116032730802427,-0.927954900687304,-1.45426096176584,-1.0253081521225331,0.2644159622990916,-0.35672705159496143,-0.9594765561190282,0.9332973999550778,-1.2348738828997359,-0.021541085138800042,-0.19569020356087652,-0.9061771604928333,0.8291132350005661,0.7344403553233176,0.9162511126009729,-0.8875224888946007,outlier
0.9219281977646947,0.15840702390433936,-0.32173207859696396,-0.45084255028313036,0.8181975329423463,0.2688642262755625,-0.6680908591255366,0.0,-0.8832559594575464,-0.44378703397342356,-0.927954900687304,-1.36610713297409,-0.97965944124629,0.2644159622990916,-0.35672705159496143,-0.9594765561190282,0.9332973999550778,-1.2348738828997359,-0.021541085138800042,-0.19569020356087652,-0.9061771604928333,0.8291132350005661,0.7344403553233176,0.9162511126009729,-0.8087522732543604,outlier
0.9219281977646947,0.15840702390433936,-0.32173207859696396,-0.45084255028313036,0.8181975329423463,0.2688642262755625,-0.6680908591255366,0.0,-0.8832559594575464,-0.44378703397342356,-0.927954900687304,-1.36610713297409,-0.560521277746246,0.2644159622990916,-0.35672705159496143,-0.6968438512807662,0.9332973999550778,-1.2348738828997359,-0.021541085138800042,-0.19569020356087652,-0.9061771604928333,0.8291132350005661,0.7344403553233176,0.9162511126009729,-0.6527430124722859,outlier
-1.3220302170012679,0.15840702390433936,-0.32173207859696396,-0.45084255028313036,0.8181975329423463,1.5643009528759988,-0.6680908591255366,0.0,0.9745391301331914,0.18971882057455147,-0.517252522930093,2.6008151626548077,0.15325856504590973,0.2644159622990916,-0.35672705159496143,0.09105426323401966,0.9332973999550778,0.18656029513040195,0.7584168193429619,-0.4270839246777296,-0.2551054545806757,-0.2444128591776895,-0.41363845854585657,-0.32229449338036265,-0.42953237981570824,target
1.81951156367108,0.32195713300037765,-0.32173207859696396,-0.45084255028313036,-1.2145119629612964,-1.0265725003248738,1.0452389247609206,0.0,-0.7284397019916504,-0.3049364357163338,1.3822459741970405,-1.6305686193493472,0.6574693260880426,0.2644159622990916,-0.35672705159496143,1.0430978182727189,-1.032189839685417,2.393523887335089,-0.4284756439988495,-0.16997979010344855,1.5353417366777569,0.8291132350005661,-1.2336947541666952,-0.7867490956233638,1.798660955476363,outlier
0.8097302770263965,0.6490573511924547,-0.32173207859696396,-0.45084255028313036,-1.2145119629612964,-1.0265725003248738,-0.6680908591255366,0.0,0.16175377843724092,1.2310983075027337,0.4581656242432999,0.9699693300073733,0.40847635767217394,0.2644159622990916,-0.35672705159496143,0.05822517512923664,-1.032189839685417,0.8972773841454718,-0.5641204969521993,-0.218829575672562,0.46107342192269707,0.2923501879114383,-0.90567223591836,-0.6319308948756968,0.06877855238788633,outlier
-0.4805458114640322,0.6490573511924547,-0.32173207859696396,-0.45084255028313036,0.8181975329423463,0.2688642262755625,-0.6680908591255366,0.0,0.16175377843724092,1.2310983075027337,0.4581656242432999,0.9699693300073733,0.48524918960039987,0.2644159622990916,-0.35672705159496143,0.05822517512923664,-1.032189839685417,0.8972773841454718,-0.5641204969521993,-0.2214006170183045,0.46107342192269707,0.2923501879114383,-0.90567223591836,-0.6319308948756968,0.12322017010900255,outlier
0.8097302770263965,0.6490573511924547,-0.32173207859696396,-0.45084255028313036,-1.2145119629612964,-1.0265725003248738,-0.6680908591255366,0.0,0.16175377843724092,1.2310983075027337,0.4581656242432999,0.9699693300073733,0.5101484864419872,0.2644159622990916,-0.35672705159496143,0.05822517512923664,-1.032189839685417,-2.8433388738285768,-3.9552418207859494,-0.2214006170183045,0.46107342192269707,0.2923501879114383,-0.90567223591836,-0.6319308948756968,0.6114934290452665,outlier
-0.4805458114640322,0.6490573511924547,-0.32173207859696396,-0.45084255028313036,0.8181975329423463,0.2688642262755625,-0.6680908591255366,0.0,0.16175377843724092,1.2310983075027337,0.4581656242432999,0.9699693300073733,0.615970498018731,0.2644159622990916,-0.35672705159496143,0.05822517512923664,-1.032189839685417,0.8972773841454718,-0.5641204969521993,-0.2214006170183045,0.46107342192269707,0.2923501879114383,-0.90567223591836,-0.6319308948756968,0.6914545550731563,outlier
0.8097302770263965,0.6490573511924547,-0.32173207859696396,2.2041191347175286,-1.2145119629612964,-1.0265725003248738,-0.6680908591255366,0.0,0.16175377843724092,1.2310983075027337,0.4581656242432999,0.9699693300073733,0.7197175681920092,-2.0712583713428847,-0.35672705159496143,0.05822517512923664,-1.032189839685417,0.8972773841454718,-0.5641204969521993,-0.2985318573905893,2.0887526867030903,0.8291132350005661,-1.2336947541666952,-0.94156729637103,1.1405979012723673,outlier
-0.4805458114640322,0.6490573511924547,-0.32173207859696396,2.2041191347175286,0.8181975329423463,0.2688642262755625,-0.6680908591255366,0.0,0.16175377843724092,1.2310983075027337,0.4581656242432999,0.9699693300073733,0.8006402829271666,-2.0712583713428847,-0.35672705159496143,0.05822517512923664,-1.032189839685417,0.8972773841454718,-0.5641204969521993,-0.2985318573905893,2.0887526867030903,0.8291132350005661,-1.2336947541666952,-0.94156729637103,1.2205590273002571,outlier
-1.069584895340097,0.812607460288493,-0.32173207859696396,-0.45084255028313036,-1.2145119629612964,-1.0265725003248738,-0.6680908591255366,0.0,-0.8832559594575464,-1.346315922644516,-1.133306089565913,-0.08787661549366277,-0.8530880156348903,1.4322531291200793,-0.35672705159496143,-0.7296729393855488,0.9332973999550778,1.1965266847833949,-2.9718166368741628,-0.2985318573905893,-0.8736235751972252,-0.4591180780133399,0.7344403553233176,0.6066147111056397,-1.0765369804201022,outlier
-1.069584895340097,0.812607460288493,-0.32173207859696396,-0.45084255028313036,-1.2145119629612964,-1.0265725003248738,-0.6680908591255366,0.0,-0.8832559594575464,-1.2595342987338345,-1.0306304951266085,-0.08787661549366277,-0.7078421173923006,1.4322531291200793,-0.35672705159496143,-0.36855297023293865,0.9332973999550778,1.1965266847833949,-2.0223026662007104,-0.37566309776287365,-0.743409234014794,-1.5326441721915955,-0.0856159402975214,-0.1674762926326956,-0.7473353232627258,outlier
-1.069584895340097,0.812607460288493,-0.32173207859696396,-0.45084255028313036,-1.2145119629612964,-1.0265725003248738,2.758568708647378,0.0,-0.9606640881904944,-1.3116032730802427,-0.927954900687304,0.7936616724238696,-0.4588491489764328,1.4322531291200793,-0.35672705159496143,-0.36855297023293865,0.9332973999550778,1.1965266847833949,-2.0223026662007104,-0.37566309776287365,-0.743409234014794,-1.5326441721915955,-0.0856159402975214,-0.1674762926326956,-0.6537637928045568,outlier
-0.5366447718331813,0.812607460288493,-0.32173207859696396,-0.45084255028313036,0.8181975329423463,0.2688642262755625,-0.6680908591255366,0.0,-0.20593483304425675,-0.035913401593219874,-0.10655014517286787,-0.6167995882441843,-0.655968582305662,1.4322531291200793,-0.35672705159496143,-0.36855297023293865,0.9332973999550778,1.1965266847833949,-2.0223026662007104,-0.16997979010344855,-0.450426966354323,-0.6738232968489921,0.8984516144474854,0.7614329118533067,-0.7349158292200961,target
-0.5366447718331813,0.812607460288493,-0.32173207859696396,-0.45084255028313036,0.8181975329423463,0.2688642262755625,-0.6680908591255366,0.0,-0.20593483304425675,-0.035913401593219874,-0.10655014517286787,-0.6167995882441843,-0.5625962191497109,1.4322531291200793,-0.35672705159496143,-0.36855297023293865,0.9332973999550778,1.1965266847833949,-2.0223026662007104,-0.16997979010344855,-0.450426966354323,-1.5326441721915955,0.24240657795081422,0.14216010886263852,-0.6245014232794568,target
-0.5366447718331813,0.812607460288493,-0.32173207859696396,-0.45084255028313036,0.8181975329423463,0.2688642262755625,-0.6680908591255366,0.0,-0.20593483304425675,-0.035913401593219874,-0.10655014517286787,-0.6167995882441843,-0.2513550086298766,1.4322531291200793,-0.35672705159496143,-0.36855297023293865,-1.032189839685417,1.1965266847833949,-2.0223026662007104,-0.2985318573905893,-0.05978394280702881,0.1849975784936131,-0.0856159402975214,-0.012658091885028533,-0.252767252277458,target
-0.5366447718331813,0.812607460288493,-0.32173207859696396,-0.45084255028313036,0.8181975329423463,0.2688642262755625,2.758568708647378,0.0,-0.24463889741073075,-0.035913401593219874,-0.10655014517286787,0.17658487088159447,-0.1579826454739255,1.4322531291200793,-0.35672705159496143,-0.36855297023293865,0.9332973999550778,1.1965266847833949,-2.0223026662007104,-0.2985318573905893,-0.450426966354323,-0.6738232968489921,-0.41363845854585657,-1.0963854971186975,-0.37645180253761956,target
-0.5366447718331813,0.812607460288493,-0.32173207859696396,2.2041191347175286,0.8181975329423463,0.2688642262755625,2.758568708647378,0.0,-0.24463889741073075,-0.035913401593219874,-0.10655014517286787,0.17658487088159447,0.10138502995927023,1.4322531291200793,-0.35672705159496143,-0.36855297023293865,-1.032189839685417,1.1965266847833949,-2.0223026662007104,-0.632767232337154,0.4936270072183051,-0.6738232968489921,-0.41363845854585657,-0.4771126941280297,-0.031768310340800854,target
-0.9012880142326498,0.812607460288493,-0.32173207859696396,-0.45084255028313036,0.8181975329423463,1.5643009528759988,-0.6680908591255366,0.0,-0.24463889741073075,0.09425903427280247,-0.10655014517286787,-0.39641501626480036,-0.3551020788031547,1.4322531291200793,-0.35672705159496143,-0.36855297023293865,0.9332973999550778,1.1965266847833949,-2.0223026662007104,-0.2985318573905893,-0.450426966354323,-0.6738232968489921,0.24240657795081422,-0.012658091885028533,-0.6775820005575452,target
-0.9012880142326498,0.812607460288493,-0.32173207859696396,-0.45084255028313036,0.8181975329423463,1.5643009528759988,-0.6680908591255366,0.0,-0.24463889741073075,0.09425903427280247,-0.10655014517286787,-0.39641501626480036,-0.012736747231335777,1.4322531291200793,-0.35672705159496143,-0.36855297023293865,-1.032189839685417,1.1965266847833949,-2.0223026662007104,-0.2985318573905893,-0.05978394280702881,0.1849975784936131,-0.2496271994216892,-0.1674762926326956,-0.21227629909737766,target
-1.013485934970948,0.812607460288493,-0.32173207859696396,-0.45084255028313036,0.8181975329423463,1.5643009528759988,2.758568708647378,0.0,-0.263990929593966,0.10293719666386991,-0.10655014517286787,0.44104635725685526,-0.08535969635263108,1.4322531291200793,-0.35672705159496143,-0.36855297023293865,0.9332973999550778,1.1965266847833949,-2.0223026662007104,-0.2985318573905893,-0.450426966354323,-0.6738232968489921,-0.5776497176700244,-0.4771126941280297,-0.5840104700993762,target
-1.013485934970948,0.812607460288493,-0.32173207859696396,2.2041191347175286,0.8181975329423463,1.5643009528759988,2.758568708647378,0.0,-0.263990929593966,0.10293719666386991,-0.10655014517286787,0.44104635725685526,0.39187682644444966,1.4322531291200793,-0.35672705159496143,-0.36855297023293865,-1.032189839685417,1.1965266847833949,-2.0223026662007104,-0.632767232337154,0.4936270072183051,-0.6738232968489921,-0.5776497176700244,-1.4060218986140312,0.042238263748841876,target
-0.9573869746017989,0.9761575693845317,-0.32173207859696396,-0.45084255028313036,-1.2145119629612964,-1.0265725003248738,-0.6680908591255366,0.0,-0.49621531579281,-1.1901089996052896,-1.0306304951266085,0.26473869967334807,-0.9879592068601522,0.2644159622990916,-0.35672705159496143,-0.8938183799094626,0.9332973999550778,-0.9356245822618128,-0.699765349905551,-0.2985318573905893,-1.1014986722664801,-0.6738232968489921,1.3904853918199889,1.07106931334864,-1.0374070676830498,outlier
-0.9573869746017989,0.9761575693845317,-0.32173207859696396,-0.45084255028313036,-1.2145119629612964,-1.0265725003248738,-0.6680908591255366,0.0,-0.49621531579281,-1.1901089996052896,-1.0306304951266085,0.26473869967334807,-0.8738374296695461,0.2644159622990916,-0.35672705159496143,-0.8938183799094626,0.9332973999550778,-0.9356245822618128,-0.699765349905551,-0.2985318573905893,-1.1014986722664801,-0.6738232968489921,0.7344403553233176,0.9162511126009729,-0.8689783128583455,outlier
-1.3220302170012679,0.9761575693845317,-0.32173207859696396,-0.45084255028313036,0.8181975329423463,-1.0265725003248738,-0.6680908591255366,0.0,-0.49621531579281,-1.1901089996052896,-1.0306304951266085,0.26473869967334807,-0.9257109647561856,0.2644159622990916,-0.35672705159496143,-0.8938183799094626,0.9332973999550778,-0.9356245822618128,-0.699765349905551,-0.2985318573905893,-1.1014986722664801,-0.6738232968489921,0.7344403553233176,0.9162511126009729,-0.8434588045515721,outlier
-1.2378817764475443,0.9761575693845317,-0.32173207859696396,-0.45084255028313036,0.8181975329423463,1.5643009528759988,-0.6680908591255366,0.0,-0.49621531579281,-0.23551113658779066,-1.0306304951266085,2.2922767618836737,-0.3758514928378105,0.2644159622990916,-0.35672705159496143,-0.8938183799094626,0.9332973999550778,-0.9356245822618128,-0.699765349905551,-0.2985318573905893,-1.1014986722664801,-0.6738232968489921,0.7344403553233176,0.7614329118533067,-0.7703028807388219,target
-1.1256838557092461,0.9761575693845317,-0.32173207859696396,-0.45084255028313036,0.8181975329423463,1.5643009528759988,2.758568708647378,0.0,-0.49621531579281,-0.23551113658779066,-1.0306304951266085,2.2922767618836737,-0.3551020788031547,0.2644159622990916,-0.35672705159496143,-0.8938183799094626,0.9332973999550778,-0.9356245822618128,-0.699765349905551,-0.2985318573905893,-1.1014986722664801,-0.6738232968489921,0.07839531882664641,-0.012658091885028533,-0.6035754264679025,target
-0.8451890538635007,0.9761575693845317,-0.32173207859696396,-0.45084255028313036,0.8181975329423463,1.5643009528759988,2.758568708647378,0.0,-0.49621531579281,-0.23551113658779066,-1.0306304951266085,2.2922767618836737,1.3463498720386102,0.2644159622990916,-0.35672705159496143,-0.8938183799094626,0.9332973999550778,-0.9356245822618128,-0.699765349905551,-0.2985318573905893,-1.1014986722664801,-0.6738232968489921,0.07839531882664641,-0.012658091885028533,-0.45386097773483214,target
-0.8451890538635007,0.9761575693845317,-0.32173207859696396,-0.45084255028313036,0.8181975329423463,0.2688642262755625,-0.6680908591255366,0.0,-0.49621531579281,-0.5305686578841069,-0.6199281173693905,-0.39641501626480036,-0.7887648321274581,0.2644159622990916,-0.35672705159496143,-0.6968438512807662,0.9332973999550778,-0.411938306145446,-0.699765349905551,-0.2985318573905893,-0.8410699899016172,-0.6738232968489921,0.5704290961991498,0.7614329118533067,-0.7669002796312521,target
-0.8451890538635007,0.9761575693845317,-0.32173207859696396,-0.45084255028313036,0.8181975329423463,-1.0265725003248738,-0.6680908591255366,0.0,-0.49621531579281,-0.5305686578841069,-0.6199281173693905,-0.4845688450565575,-0.7306664728304222,0.2644159622990916,-0.35672705159496143,-0.6968438512807662,0.9332973999550778,-0.411938306145446,-0.699765349905551,-0.2985318573905893,-0.8410699899016172,-0.6738232968489921,0.5704290961991498,0.7614329118533067,-0.722666465232845,target
-0.8451890538635007,0.9761575693845317,3.0886279545308555,-0.45084255028313036,0.8181975329423463,0.2688642262755625,-0.6680908591255366,0.0,-0.49621531579281,-0.5305686578841069,-0.6199281173693905,-0.39641501626480036,-0.3862261998551384,0.2644159622990916,-0.35672705159496143,-0.30289479402337305,-0.5408180297752934,-0.11268900550752114,0.3853934737212512,3.1723739593622025,-1.2968201840401274,-1.3179389533559451,1.226474132695821,0.6066147111056397,-0.6035754264679025,target
-0.8451890538635007,0.9761575693845317,3.0886279545308555,-0.45084255028313036,0.8181975329423463,-1.0265725003248738,-0.6680908591255366,0.0,-0.49621531579281,-0.5305686578841069,-0.6199281173693905,-0.4845688450565575,-0.3862261998551384,0.2644159622990916,-0.35672705159496143,-0.30289479402337305,-0.5408180297752934,-0.11268900550752114,0.3853934737212512,3.1723739593622025,-1.2968201840401274,-1.3179389533559451,1.8825191691924923,2.3096149193299764,-0.6222897325595362,target
-0.8451890538635007,0.9761575693845317,-0.32173207859696396,-0.45084255028313036,0.8181975329423463,0.2688642262755625,-0.6680908591255366,0.0,-0.49621531579281,-0.5305686578841069,-0.6199281173693905,-0.39641501626480036,-0.7617905938824059,0.2644159622990916,-0.35672705159496143,-0.6968438512807662,0.9332973999550778,-0.411938306145446,-0.699765349905551,-0.2985318573905893,-0.8410699899016172,-0.6738232968489921,1.8825191691924923,2.3096149193299764,-0.6307962353284609,target
-0.8451890538635007,0.9761575693845317,-0.32173207859696396,-0.45084255028313036,0.8181975329423463,-1.0265725003248738,-0.6680908591255366,0.0,-0.49621531579281,-0.5305686578841069,-0.6199281173693905,-0.4845688450565575,-0.70369223458537,0.2644159622990916,-0.35672705159496143,-0.6968438512807662,0.9332973999550778,-0.411938306145446,-0.699765349905551,-0.2985318573905893,-0.8410699899016172,-0.6738232968489921,0.24240657795081422,0.2969783096103056,-0.5253156009937976,target
-0.8451890538635007,0.9761575693845317,-0.32173207859696396,-0.45084255028313036,0.8181975329423463,0.2688642262755625,-0.6680908591255366,0.0,-0.49621531579281,-0.5305686578841069,-0.6199281173693905,-0.4845688450565575,-0.6663432893229899,0.2644159622990916,-0.35672705159496143,-0.6968438512807662,0.9332973999550778,-0.411938306145446,-0.699765349905551,-0.2985318573905893,-0.8410699899016172,-0.6738232968489921,0.24240657795081422,0.2969783096103056,-0.37219855115315736,target
1.3146209203487382,0.9761575693845317,-0.32173207859696396,-0.45084255028313036,-1.2145119629612964,0.2688642262755625,1.0452389247609206,0.0,-0.7284397019916504,-0.3222927604984722,-0.8252793062479995,-0.5727226738483076,-0.6061699886224883,0.2644159622990916,-0.35672705159496143,-0.6968438512807662,0.9332973999550778,-0.411938306145446,-0.699765349905551,-0.2985318573905893,-0.8410699899016172,-0.6738232968489921,0.406417837074982,0.2969783096103056,-0.5763546176073442,outlier
1.3146209203487382,0.9761575693845317,-0.32173207859696396,-0.45084255028313036,-1.2145119629612964,-1.0265725003248738,1.0452389247609206,0.0,-0.7284397019916504,-0.3222927604984722,-0.8252793062479995,-0.5727226738483076,-0.533547039501193,0.2644159622990916,-0.35672705159496143,-0.6968438512807662,0.9332973999550778,-0.411938306145446,-0.699765349905551,-0.2985318573905893,-0.8410699899016172,-0.6738232968489921,0.406417837074982,0.2969783096103056,-0.5457312076392162,outlier
1.3146209203487382,0.9761575693845317,-0.32173207859696396,-0.45084255028313036,-1.2145119629612964,0.2688642262755625,1.0452389247609206,0.0,-0.7284397019916504,-0.3222927604984722,-0.8252793062479995,-0.5727226738483076,-0.4069756138897942,-2.0712583713428847,-0.35672705159496143,-0.6968438512807662,-1.032189839685417,-0.22490749324674297,-0.5302092837138623,-0.19569020356087652,0.5261805925139127,3.1908706421927278,-0.0856159402975214,-0.4771126941280297,-0.3653933489380179,outlier
1.3146209203487382,0.9761575693845317,-0.32173207859696396,-0.45084255028313036,-1.2145119629612964,-1.0265725003248738,1.0452389247609206,0.0,-0.7284397019916504,-0.3222927604984722,-0.8252793062479995,-0.5727226738483076,-0.3343526647684989,-2.0712583713428847,-0.35672705159496143,-0.6968438512807662,-1.032189839685417,-0.22490749324674297,-0.5302092837138623,-0.19569020356087652,0.5261805925139127,3.1908706421927278,-0.0856159402975214,-0.4771126941280297,-0.3245621356471804,outlier
0.36093859407320394,0.9761575693845317,-0.32173207859696396,-0.45084255028313036,-1.2145119629612964,2.859737679476435,1.0452389247609206,0.0,0.026289553154587253,0.32856941883164126,-0.0038745507335704588,-0.8371841602235683,0.16363327206323763,0.2644159622990916,-0.35672705159496143,0.8789523777488051,-1.032189839685417,1.1965266847833949,0.8940616722963117,-0.2214006170183045,0.6563949336963444,-0.6738232968489921,-0.41363845854585657,-0.32229449338036265,-0.509833765954355,outlier
0.36093859407320394,0.9761575693845317,-0.32173207859696396,-0.45084255028313036,-1.2145119629612964,2.859737679476435,1.0452389247609206,0.0,0.026289553154587253,0.32856941883164126,-0.0038745507335704588,-0.8371841602235683,0.1553335064493746,0.2644159622990916,-0.35672705159496143,0.8789523777488051,-1.032189839685417,1.1965266847833949,0.8940616722963117,-0.2214006170183045,0.6563949336963444,-0.6738232968489921,-0.41363845854585657,-0.32229449338036265,-0.30737900005395313,outlier
0.36093859407320394,0.9761575693845317,-0.32173207859696396,-0.45084255028313036,-1.2145119629612964,-1.0265725003248738,1.0452389247609206,0.0,0.026289553154587253,0.32856941883164126,-0.0038745507335704588,-0.8371841602235683,0.1864576275013583,0.2644159622990916,-0.35672705159496143,0.8789523777488051,-1.032189839685417,1.1965266847833949,0.8940616722963117,-0.2214006170183045,0.6563949336963444,-0.6738232968489921,-0.41363845854585657,-0.32229449338036265,-0.24783348067148192,outlier
0.36093859407320394,0.9761575693845317,-0.32173207859696396,-0.45084255028313036,-1.2145119629612964,2.859737679476435,1.0452389247609206,0.0,0.026289553154587253,0.32856941883164126,-0.0038745507335704588,-0.8371841602235683,0.4520501271449513,0.2644159622990916,-0.35672705159496143,0.8789523777488051,-1.032189839685417,1.1965266847833949,0.8940616722963117,-0.2214006170183045,0.6563949336963444,-0.6738232968489921,-0.41363845854585657,-0.32229449338036265,-0.04197611366351017,outlier
0.36093859407320394,0.9761575693845317,-0.32173207859696396,-0.45084255028313036,-1.2145119629612964,-1.0265725003248738,1.0452389247609206,0.0,0.026289553154587253,0.32856941883164126,-0.0038745507335704588,-0.8371841602235683,0.5246730762662457,0.2644159622990916,-0.35672705159496143,0.8789523777488051,-1.032189839685417,1.1965266847833949,0.8940616722963117,-0.2214006170183045,0.6563949336963444,-0.6738232968489921,-0.41363845854585657,-0.32229449338036265,0.01756940571896104,outlier
0.36093859407320394,0.9761575693845317,-0.32173207859696396,-0.45084255028313036,-1.2145119629612964,-2.32200922692531,1.0452389247609206,0.0,0.026289553154587253,0.32856941883164126,-0.0038745507335704588,-0.39641501626480036,1.0662327825707587,0.2644159622990916,-0.35672705159496143,0.8789523777488051,-1.032189839685417,1.1965266847833949,0.8940616722963117,-0.2214006170183045,0.6563949336963444,-0.6738232968489921,-0.41363845854585657,-0.32229449338036265,1.058765344635314,outlier
-1.5744755386624387,0.9761575693845317,-0.32173207859696396,-0.45084255028313036,0.8181975329423463,0.2688642262755625,-0.6680908591255366,0.0,0.8003708404840602,0.27650044448523303,0.4581656242432999,0.44104635725685526,-0.28040418827839453,0.2644159622990916,-0.35672705159496143,0.09105426323401966,-1.032189839685417,0.036935644811439516,1.0297065252496633,-0.37566309776287365,-0.12489111339824444,-1.9620546098628981,0.406417837074982,0.2969783096103056,-0.4249388683204891,target
-1.5744755386624387,0.9761575693845317,3.0886279545308555,2.2041191347175286,0.8181975329423463,0.2688642262755625,-0.6680908591255366,0.0,0.8003708404840602,0.27650044448523303,0.4581656242432999,0.44104635725685526,0.039136787855302835,0.2644159622990916,-0.35672705159496143,-0.30289479402337305,-0.5408180297752934,-0.11268900550752114,0.3853934737212512,3.1723739593622025,-0.743409234014794,-1.3179389533559451,0.5704290961991498,0.14216010886263852,-0.12721127140813304,target
-1.5744755386624387,0.9761575693845317,-0.32173207859696396,-0.45084255028313036,0.8181975329423463,-1.0265725003248738,-0.6680908591255366,0.0,0.8003708404840602,0.27650044448523303,0.4581656242432999,0.00027721329808727546,-0.09780934477342385,0.2644159622990916,-0.35672705159496143,0.09105426323401966,-1.032189839685417,0.036935644811439516,1.0297065252496633,-0.37566309776287365,-0.12489111339824444,-1.9620546098628981,0.07839531882664641,-0.012658091885028533,-0.2480036107268604,target
-1.5744755386624387,0.9761575693845317,-0.32173207859696396,-0.45084255028313036,0.8181975329423463,0.2688642262755625,-0.6680908591255366,0.0,0.8003708404840602,0.27650044448523303,0.4581656242432999,0.44104635725685526,-0.09780934477342385,0.2644159622990916,-0.35672705159496143,0.09105426323401966,-1.032189839685417,0.036935644811439516,1.0297065252496633,-0.37566309776287365,-0.12489111339824444,-1.9620546098628981,0.07839531882664641,-0.012658091885028533,-0.09318526033243524,target
-1.5744755386624387,0.9761575693845317,-0.32173207859696396,-0.45084255028313036,0.8181975329423463,-1.0265725003248738,-0.6680908591255366,0.0,0.8003708404840602,0.27650044448523303,0.4581656242432999,0.00027721329808727546,-0.006511923020939392,0.2644159622990916,-0.35672705159496143,0.09105426323401966,-1.032189839685417,0.036935644811439516,1.0297065252496633,-0.37566309776287365,-0.12489111339824444,-1.9620546098628981,0.07839531882664641,-0.012658091885028533,-0.03363974094996425,target
2.1280558457013994,0.9761575693845317,-0.32173207859696396,-0.45084255028313036,-1.2145119629612964,-1.0265725003248738,1.0452389247609206,0.0,0.8971310014002469,0.9620752733796198,1.074219190879127,-0.8371841602235683,1.0683077239742245,-2.0712583713428847,2.628515117015499,1.699679580368374,-1.032189839685417,-0.11268900550752114,0.3853934737212512,-0.2214006170183045,2.121306271998698,0.1849975784936131,-1.0696834950425274,-1.251203697866364,0.8697508531098126,outlier
2.1280558457013994,0.9761575693845317,-0.32173207859696396,-0.45084255028313036,-1.2145119629612964,-1.0265725003248738,1.0452389247609206,0.0,0.8971310014002469,0.9620752733796198,1.074219190879127,-0.8371841602235683,1.1513053801128477,-2.0712583713428847,2.628515117015499,1.699679580368374,-1.032189839685417,-0.11268900550752114,0.3853934737212512,-0.2214006170183045,2.121306271998698,0.1849975784936131,-1.2336947541666952,-1.251203697866364,0.7744780220978591,outlier
-0.8732385340480753,0.9761575693845317,-0.32173207859696396,-0.45084255028313036,0.8181975329423463,0.2688642262755625,1.0452389247609206,0.0,1.2067635163320354,1.3352362561955538,0.4581656242432999,0.08843104208984087,1.3899236415113876,-2.0712583713428847,2.628515117015499,1.699679580368374,-1.032189839685417,-0.11268900550752114,0.3853934737212512,-0.2471110304757329,1.958538345520659,0.1849975784936131,-1.0696834950425274,-1.251203697866364,0.7220779650412841,target
0.02434483185830949,1.13970767848057,3.0886279545308555,-0.45084255028313036,-1.2145119629612964,0.2688642262755625,-0.6680908591255366,0.0,-0.18658280086102152,-0.06194788876642576,-0.05521234795321561,0.7936616724238696,-0.41527537950365634,0.2644159622990916,-0.35672705159496143,-0.7296729393855488,-0.5408180297752934,-1.0852492325807752,0.554949539912938,3.3009260266493428,-1.427034525222559,-0.6738232968489921,1.7185079100683245,2.1547967185823094,-0.6245014232794568,outlier
0.02434483185830949,1.13970767848057,-0.32173207859696396,-0.45084255028313036,-1.2145119629612964,0.2688642262755625,-0.6680908591255366,0.0,-0.18658280086102152,-0.06194788876642576,-0.05521234795321561,0.7936616724238696,-0.523172332483866,0.2644159622990916,-0.35672705159496143,-0.33572388212815607,-1.032189839685417,-0.411938306145446,0.554949539912938,-0.2985318573905893,-0.35276621046749934,0.2923501879114383,0.07839531882664641,0.2969783096103056,-0.5904754122037588,outlier
-0.7610406133097771,1.13970767848057,3.0886279545308555,-0.45084255028313036,0.8181975329423463,0.2688642262755625,-0.6680908591255366,0.0,-0.18658280086102152,-0.06194788876642576,-0.05521234795321561,0.7936616724238696,-0.40905055529325907,0.2644159622990916,-0.35672705159496143,-0.7296729393855488,-0.5408180297752934,-1.0852492325807752,0.554949539912938,3.3009260266493428,-1.427034525222559,-0.6738232968489921,1.7185079100683245,2.1547967185823094,-0.5870728110961891,outlier
-0.7610406133097771,1.13970767848057,-0.32173207859696396,-0.45084255028313036,0.8181975329423463,0.2688642262755625,-0.6680908591255366,0.0,-0.18658280086102152,-0.06194788876642576,-0.05521234795321561,0.7936616724238696,-0.5169475082734687,0.2644159622990916,-0.35672705159496143,-0.33572388212815607,-1.032189839685417,-0.411938306145446,0.554949539912938,-0.2985318573905893,-0.35276621046749934,0.2923501879114383,0.07839531882664641,0.2969783096103056,-0.5530468000204913,outlier
-0.7610406133097771,1.13970767848057,-0.32173207859696396,-0.45084255028313036,0.8181975329423463,0.2688642262755625,-0.6680908591255366,0.0,-0.18658280086102152,-0.06194788876642576,-0.05521234795321561,0.7936616724238696,-0.3862261998551384,0.2644159622990916,-0.35672705159496143,-0.33572388212815607,-1.032189839685417,-0.411938306145446,0.554949539912938,-0.2985318573905893,-0.35276621046749934,0.2923501879114383,0.07839531882664641,0.2969783096103056,-0.5020077834069445,outlier
-0.7610406133097771,1.13970767848057,3.0886279545308555,2.2041191347175286,0.8181975329423463,0.2688642262755625,-0.6680908591255366,0.0,-0.18658280086102152,-0.06194788876642576,-0.05521234795321561,0.7936616724238696,-0.29492877810265306,0.2644159622990916,-0.35672705159496143,-0.7296729393855488,-0.5408180297752934,-1.0852492325807752,0.554949539912938,3.3009260266493428,-0.9061771604928333,-1.3179389533559451,1.7185079100683245,1.5355239155916411,-0.3318777280284555,outlier
-0.7610406133097771,1.13970767848057,-0.32173207859696396,-0.45084255028313036,0.8181975329423463,0.2688642262755625,-0.6680908591255366,0.0,-0.18658280086102152,-0.06194788876642576,-0.05521234795321561,0.7936616724238696,-0.3343526647684989,0.2644159622990916,-0.35672705159496143,-0.33572388212815607,-1.032189839685417,-0.411938306145446,0.554949539912938,-0.04142772281630824,0.1355375689666185,0.8291132350005661,-0.0856159402975214,-0.012658091885028533,-0.24681270033921088,outlier
3.7829751765912967,1.13970767848057,-0.32173207859696396,-0.45084255028313036,-1.2145119629612964,-1.0265725003248738,-0.6680908591255366,0.0,-0.7284397019916504,-0.5826376322305169,-0.8252793062479995,-1.1016456465988291,-0.49827303564227865,0.2644159622990916,-0.35672705159496143,-0.33572388212815607,-1.032189839685417,-0.411938306145446,0.554949539912938,-0.4270839246777296,-0.18999828398946006,0.8291132350005661,-0.41363845854585657,-0.4771126941280297,-0.24936465116988837,outlier
-0.5085952916486067,1.3032577875766087,-0.32173207859696396,-0.45084255028313036,0.8181975329423463,0.2688642262755625,1.0452389247609206,0.0,1.1680594519655614,1.4220178801062353,0.8175302047808657,1.01404624440325,0.9355114741524284,0.2644159622990916,-0.35672705159496143,0.7148069372248913,-1.032189839685417,1.795025286059241,-0.2928307910454997,-0.16997979010344855,0.5912877631051283,0.6144080161649157,-0.5776497176700244,-0.6319308948756968,0.2542203127504392,target
-1.3220302170012679,1.3032577875766087,-0.32173207859696396,-0.45084255028313036,0.8181975329423463,1.5643009528759988,1.0452389247609206,0.0,1.1680594519655614,1.4220178801062353,0.8175302047808657,1.587046131549645,1.1886543253752277,0.2644159622990916,-0.35672705159496143,0.7148069372248913,-1.032189839685417,1.795025286059241,-0.2928307910454997,-0.16997979010344855,0.5912877631051283,0.6144080161649157,-0.5776497176700244,-0.6319308948756968,0.33503208905522164,target
-0.5085952916486067,1.3032577875766087,-0.32173207859696396,-0.45084255028313036,0.8181975329423463,0.2688642262755625,1.0452389247609206,0.0,1.1680594519655614,1.4220178801062353,0.8175302047808657,1.01404624440325,0.9832351264321364,0.2644159622990916,-0.35672705159496143,0.7148069372248913,-1.032189839685417,1.795025286059241,-0.2928307910454997,-0.16997979010344855,0.5912877631051283,0.6144080161649157,-0.41363845854585657,-0.6319308948756968,0.7722663313779388,target
-1.3220302170012679,1.3032577875766087,-0.32173207859696396,-0.45084255028313036,0.8181975329423463,1.5643009528759988,1.0452389247609206,0.0,1.1680594519655614,1.4220178801062353,0.8175302047808657,1.587046131549645,1.205253856602952,0.2644159622990916,-0.35672705159496143,0.7148069372248913,-1.032189839685417,1.795025286059241,-0.2928307910454997,-0.16997979010344855,0.5912877631051283,0.6144080161649157,-0.41363845854585657,-0.6319308948756968,0.8624352607285377,target
-0.5085952916486067,1.3032577875766087,-0.32173207859696396,2.2041191347175286,0.8181975329423463,0.2688642262755625,1.0452389247609206,0.0,1.1680594519655614,1.4220178801062353,0.8175302047808657,1.01404624440325,1.2114786808133484,0.2644159622990916,-0.35672705159496143,0.35368696807228117,-1.032189839685417,1.1965266847833949,-0.2928307910454997,-0.6841880592520102,2.1538598572943055,-0.029707640342037323,-1.5617172724150308,-1.5608400993616982,1.1865330162245595,target
-1.3220302170012679,1.3032577875766087,-0.32173207859696396,2.2041191347175286,0.8181975329423463,1.5643009528759988,1.0452389247609206,0.0,1.1680594519655614,1.4220178801062353,0.8175302047808657,1.587046131549645,1.443872118001492,0.2644159622990916,-0.35672705159496143,0.35368696807228117,-1.032189839685417,1.1965266847833949,-0.2928307910454997,-0.6841880592520102,2.1538598572943055,-0.029707640342037323,-1.5617172724150308,-1.5608400993616982,1.2767019455751585,target
-0.7329911331252026,1.3032577875766087,-0.32173207859696396,-0.45084255028313036,0.8181975329423463,0.2688642262755625,1.0452389247609206,0.0,2.0969569967609303,1.4220178801062353,1.690272757514954,0.7055078436321125,1.0185091302910507,0.2644159622990916,-0.35672705159496143,0.7148069372248913,-1.032189839685417,1.795025286059241,-0.2928307910454997,-0.16997979010344855,0.5912877631051283,0.6144080161649157,-0.5776497176700244,-0.6319308948756968,0.9185781790034391,target
-0.7329911331252026,1.3032577875766087,-0.32173207859696396,2.2041191347175286,0.8181975329423463,0.2688642262755625,1.0452389247609206,0.0,2.0969569967609303,1.4220178801062353,1.6389349602952947,0.7055078436321125,1.2197784464272106,0.2644159622990916,-0.35672705159496143,0.7148069372248913,-1.032189839685417,1.795025286059241,-0.2928307910454997,-0.37566309776287365,2.0887526867030903,0.3997027973292635,-1.2336947541666952,-1.0963854971186975,1.2928643008361151,target
-0.7329911331252026,1.3032577875766087,-0.32173207859696396,-0.45084255028313036,0.8181975329423463,0.2688642262755625,1.0452389247609206,0.0,2.0969569967609303,1.4220178801062353,1.690272757514954,0.7055078436321125,1.1430056144989846,-0.9034212045218966,2.628515117015499,1.7653377565779391,-1.032189839685417,1.0469020344644324,-1.2423447617189485,-0.34995268430544524,1.242359469017286,0.8291132350005661,-1.397706013290863,-1.4060218986140312,1.7079816359596285,target
-0.7329911331252026,1.3032577875766087,3.0886279545308555,2.2041191347175286,0.8181975329423463,0.2688642262755625,1.0452389247609206,0.0,2.0969569967609303,1.4220178801062353,1.690272757514954,0.7055078436321125,1.5683686022094259,0.2644159622990916,2.628515117015499,0.8461232896440225,-0.5408180297752934,-1.0852492325807752,0.554949539912938,3.3009260266493428,0.3308590807402658,-0.6738232968489921,-0.0856159402975214,-0.7867490956233638,1.87555974050744,target
-0.7329911331252026,1.3032577875766087,-0.32173207859696396,2.2041191347175286,0.8181975329423463,0.2688642262755625,1.0452389247609206,0.0,2.0969569967609303,1.4220178801062353,1.690272757514954,0.7055078436321125,1.2467526846722636,0.2644159622990916,-0.35672705159496143,0.7148069372248913,-1.032189839685417,1.795025286059241,-0.2928307910454997,-0.16997979010344855,0.5912877631051283,0.6144080161649157,-1.2336947541666952,-1.0963854971186975,1.9019298990911058,target
